id,nombre,horasTrabajadas,sueldo
2682680, nombre, 2684680, 2685680
2682680, Lou, 2684680, 2685680
2682680, Ulrike, 2684680, 2685680
2682680, Brade, 2684680, 2685680
2682680, Kimbell, 2684680, 2685680
2682680, Sheelagh, 2684680, 2685680
2682680, Gayle, 2684680, 2685680
2682680, Kimberlee, 2684680, 2685680
2682680, Henrieta, 2684680, 2685680
2682680, Jeanine, 2684680, 2685680
2682680, Aggie, 2684680, 2685680
2682680, Brandea, 2684680, 2685680
2682680, Cordelie, 2684680, 2685680
2682680, Shel, 2684680, 2685680
2682680, Bronnie, 2684680, 2685680
2682680, Megen, 2684680, 2685680
2682680, Iver, 2684680, 2685680
2682680, Ernesta, 2684680, 2685680
2682680, Cirillo, 2684680, 2685680
2682680, Park, 2684680, 2685680
2682680, Bellanca, 2684680, 2685680
2682680, Bobbye, 2684680, 2685680
2682680, Eugene, 2684680, 2685680
2682680, Johnny, 2684680, 2685680
2682680, Reagen, 2684680, 2685680
2682680, Braden, 2684680, 2685680
2682680, Karim, 2684680, 2685680
2682680, Anthea, 2684680, 2685680
2682680, Doro, 2684680, 2685680
2682680, Gaye, 2684680, 2685680
2682680, Toby, 2684680, 2685680
2682680, Franny, 2684680, 2685680
2682680, Katey, 2684680, 2685680
2682680, Earle, 2684680, 2685680
2682680, Redd, 2684680, 2685680
2682680, Jehanna, 2684680, 2685680
2682680, Cristie, 2684680, 2685680
2682680, Stefa, 2684680, 2685680
2682680, Roda, 2684680, 2685680
2682680, Alfredo, 2684680, 2685680
2682680, Sydney, 2684680, 2685680
2682680, Brnaba, 2684680, 2685680
2682680, Ame, 2684680, 2685680
2682680, Bradney, 2684680, 2685680
2682680, Margarete, 2684680, 2685680
2682680, Nikoletta, 2684680, 2685680
2682680, Lonnard, 2684680, 2685680
2682680, Raine, 2684680, 2685680
2682680, Noella, 2684680, 2685680
2682680, Dagmar, 2684680, 2685680
2682680, Carroll, 2684680, 2685680
2682680, Marion, 2684680, 2685680
2682680, Carline, 2684680, 2685680
2682680, Hyacinthie, 2684680, 2685680
2682680, Julina, 2684680, 2685680
2682680, Corina, 2684680, 2685680
2682680, Bernardine, 2684680, 2685680
2682680, Homer, 2684680, 2685680
2682680, Lianna, 2684680, 2685680
2682680, Celene, 2684680, 2685680
2682680, Kori, 2684680, 2685680
2682680, Deeyn, 2684680, 2685680
2682680, Marysa, 2684680, 2685680
2682680, Loy, 2684680, 2685680
2682680, Gabbey, 2684680, 2685680
2682680, Star, 2684680, 2685680
2682680, Dominica, 2684680, 2685680
2682680, Blanch, 2684680, 2685680
2682680, Cristobal, 2684680, 2685680
2682680, Paulita, 2684680, 2685680
2682680, Sayre, 2684680, 2685680
2682680, Shaughn, 2684680, 2685680
2682680, Katrine, 2684680, 2685680
2682680, Cristi, 2684680, 2685680
2682680, Cristie, 2684680, 2685680
2682680, Solomon, 2684680, 2685680
2682680, Nananne, 2684680, 2685680
2682680, Sacha, 2684680, 2685680
2682680, Morse, 2684680, 2685680
2682680, Roland, 2684680, 2685680
2682680, Jesselyn, 2684680, 2685680
2682680, Kylila, 2684680, 2685680
2682680, Kendre, 2684680, 2685680
2682680, Lesya, 2684680, 2685680
2682680, Tatiania, 2684680, 2685680
2682680, Trenton, 2684680, 2685680
2682680, Angie, 2684680, 2685680
2682680, Joelle, 2684680, 2685680
2682680, George, 2684680, 2685680
2682680, Guenevere, 2684680, 2685680
2682680, Margaretha, 2684680, 2685680
2682680, Sully, 2684680, 2685680
2682680, Lonni, 2684680, 2685680
2682680, Nicky, 2684680, 2685680
2682680, My, 2684680, 2685680
2682680, Kyrstin, 2684680, 2685680
2682680, Martino, 2684680, 2685680
2682680, Marcellus, 2684680, 2685680
2682680, Jacquelin, 2684680, 2685680
2682680, Aleda, 2684680, 2685680
2682680, Georgeta, 2684680, 2685680
2682680, Marcille, 2684680, 2685680
2682680, Ertha, 2684680, 2685680
2682680, Desiri, 2684680, 2685680
2682680, Geneva, 2684680, 2685680
2682680, Kilian, 2684680, 2685680
2682680, Nance, 2684680, 2685680
2682680, Gaven, 2684680, 2685680
2682680, Carlie, 2684680, 2685680
2682680, Trixie, 2684680, 2685680
2682680, Dominick, 2684680, 2685680
2682680, Petey, 2684680, 2685680
2682680, Tersina, 2684680, 2685680
2682680, Johnathon, 2684680, 2685680
2682680, Freddie, 2684680, 2685680
2682680, Harmon, 2684680, 2685680
2682680, Tracey, 2684680, 2685680
2682680, Cherrita, 2684680, 2685680
2682680, Stu, 2684680, 2685680
2682680, Glenda, 2684680, 2685680
2682680, Lorettalorna, 2684680, 2685680
2682680, Patrizio, 2684680, 2685680
2682680, Linda, 2684680, 2685680
2682680, Pippa, 2684680, 2685680
2682680, Pen, 2684680, 2685680
2682680, Esteban, 2684680, 2685680
2682680, Fonzie, 2684680, 2685680
2682680, Cindelyn, 2684680, 2685680
2682680, Zacharie, 2684680, 2685680
2682680, Vina, 2684680, 2685680
2682680, Omero, 2684680, 2685680
2682680, Tom, 2684680, 2685680
2682680, Dante, 2684680, 2685680
2682680, Cordy, 2684680, 2685680
2682680, Stephenie, 2684680, 2685680
2682680, Dunstan, 2684680, 2685680
2682680, Gideon, 2684680, 2685680
2682680, Johnette, 2684680, 2685680
2682680, Brynn, 2684680, 2685680
2682680, Yankee, 2684680, 2685680
2682680, Corbin, 2684680, 2685680
2682680, Coreen, 2684680, 2685680
2682680, Tanya, 2684680, 2685680
2682680, Jenna, 2684680, 2685680
2682680, Flora, 2684680, 2685680
2682680, Dianna, 2684680, 2685680
2682680, Armand, 2684680, 2685680
2682680, Gustie, 2684680, 2685680
2682680, Benton, 2684680, 2685680
2682680, Lena, 2684680, 2685680
2682680, Dot, 2684680, 2685680
2682680, Meryl, 2684680, 2685680
2682680, Babbie, 2684680, 2685680
2682680, Byram, 2684680, 2685680
2682680, Bertine, 2684680, 2685680
2682680, Osbert, 2684680, 2685680
2682680, Tanny, 2684680, 2685680
2682680, Maryjo, 2684680, 2685680
2682680, Clarie, 2684680, 2685680
2682680, Kipp, 2684680, 2685680
2682680, Leonie, 2684680, 2685680
2682680, Ferdie, 2684680, 2685680
2682680, Ofella, 2684680, 2685680
2682680, Pascale, 2684680, 2685680
2682680, Cathrin, 2684680, 2685680
2682680, Sib, 2684680, 2685680
2682680, Darleen, 2684680, 2685680
2682680, Didi, 2684680, 2685680
2682680, Lodovico, 2684680, 2685680
2682680, Farley, 2684680, 2685680
2682680, Devi, 2684680, 2685680
2682680, Clair, 2684680, 2685680
2682680, Addy, 2684680, 2685680
2682680, Brandon, 2684680, 2685680
2682680, Prentiss, 2684680, 2685680
2682680, Lorant, 2684680, 2685680
2682680, Wanids, 2684680, 2685680
2682680, Robbi, 2684680, 2685680
2682680, Mellicent, 2684680, 2685680
2682680, Lynea, 2684680, 2685680
2682680, Nial, 2684680, 2685680
2682680, Guillaume, 2684680, 2685680
2682680, Loutitia, 2684680, 2685680
2682680, Ruthe, 2684680, 2685680
2682680, Eric, 2684680, 2685680
2682680, Marcellus, 2684680, 2685680
2682680, Ian, 2684680, 2685680
2682680, Sebastien, 2684680, 2685680
2682680, Scarface, 2684680, 2685680
2682680, Maible, 2684680, 2685680
2682680, Waldon, 2684680, 2685680
2682680, Bethina, 2684680, 2685680
2682680, Farand, 2684680, 2685680
2682680, Zolly, 2684680, 2685680
2682680, Philipa, 2684680, 2685680
2682680, Roderigo, 2684680, 2685680
2682680, Otho, 2684680, 2685680
2682680, Alasteir, 2684680, 2685680
2682680, Eleonora, 2684680, 2685680
2682680, Eliot, 2684680, 2685680
2682680, Alana, 2684680, 2685680
2682680, Odey, 2684680, 2685680
2682680, Yorke, 2684680, 2685680
2682680, Cissiee, 2684680, 2685680
2682680, Jillana, 2684680, 2685680
2682680, Mallorie, 2684680, 2685680
2682680, Borden, 2684680, 2685680
2682680, Maddie, 2684680, 2685680
2682680, Weider, 2684680, 2685680
2682680, Asia, 2684680, 2685680
2682680, Sayres, 2684680, 2685680
2682680, Marcile, 2684680, 2685680
2682680, Thomasina, 2684680, 2685680
2682680, Darwin, 2684680, 2685680
2682680, Nicolina, 2684680, 2685680
2682680, Nita, 2684680, 2685680
2682680, Nikoletta, 2684680, 2685680
2682680, Dwight, 2684680, 2685680
2682680, Romola, 2684680, 2685680
2682680, Kaile, 2684680, 2685680
2682680, Mozes, 2684680, 2685680
2682680, Aylmer, 2684680, 2685680
2682680, Marina, 2684680, 2685680
2682680, Enrico, 2684680, 2685680
2682680, Zonda, 2684680, 2685680
2682680, Adriano, 2684680, 2685680
2682680, Trula, 2684680, 2685680
2682680, Adel, 2684680, 2685680
2682680, Jeniece, 2684680, 2685680
2682680, Tabina, 2684680, 2685680
2682680, Liana, 2684680, 2685680
2682680, Marmaduke, 2684680, 2685680
2682680, Alla, 2684680, 2685680
2682680, Peter, 2684680, 2685680
2682680, Pietro, 2684680, 2685680
2682680, Hiram, 2684680, 2685680
2682680, Anastasia, 2684680, 2685680
2682680, Cathleen, 2684680, 2685680
2682680, Leeanne, 2684680, 2685680
2682680, Chet, 2684680, 2685680
2682680, Billie, 2684680, 2685680
2682680, Alexandra, 2684680, 2685680
2682680, Broddie, 2684680, 2685680
2682680, Brigham, 2684680, 2685680
2682680, Cal, 2684680, 2685680
2682680, Donal, 2684680, 2685680
2682680, Adam, 2684680, 2685680
2682680, Dotty, 2684680, 2685680
2682680, Maynard, 2684680, 2685680
2682680, Jessee, 2684680, 2685680
2682680, Tiphani, 2684680, 2685680
2682680, Jenna, 2684680, 2685680
2682680, Karlotte, 2684680, 2685680
2682680, Norene, 2684680, 2685680
2682680, Morris, 2684680, 2685680
2682680, Yuri, 2684680, 2685680
2682680, Gusty, 2684680, 2685680
2682680, Jori, 2684680, 2685680
2682680, Sydelle, 2684680, 2685680
2682680, Merrile, 2684680, 2685680
2682680, Tadd, 2684680, 2685680
2682680, Josiah, 2684680, 2685680
2682680, Melisa, 2684680, 2685680
2682680, Orelee, 2684680, 2685680
2682680, Stephen, 2684680, 2685680
2682680, Blair, 2684680, 2685680
2682680, Arel, 2684680, 2685680
2682680, Abbie, 2684680, 2685680
2682680, Channa, 2684680, 2685680
2682680, Shirl, 2684680, 2685680
2682680, Edlin, 2684680, 2685680
2682680, Larina, 2684680, 2685680
2682680, Duncan, 2684680, 2685680
2682680, Bond, 2684680, 2685680
2682680, Dyann, 2684680, 2685680
2682680, Charmian, 2684680, 2685680
2682680, Dru, 2684680, 2685680
2682680, Kiel, 2684680, 2685680
2682680, Emory, 2684680, 2685680
2682680, Alberik, 2684680, 2685680
2682680, Koenraad, 2684680, 2685680
2682680, Rafaellle, 2684680, 2685680
2682680, Edie, 2684680, 2685680
2682680, Osbert, 2684680, 2685680
2682680, Sidonia, 2684680, 2685680
2682680, Bartel, 2684680, 2685680
2682680, Jodi, 2684680, 2685680
2682680, Ofelia, 2684680, 2685680
2682680, Dudley, 2684680, 2685680
2682680, Dulcea, 2684680, 2685680
2682680, Gordon, 2684680, 2685680
2682680, Chalmers, 2684680, 2685680
2682680, Christiano, 2684680, 2685680
2682680, Russell, 2684680, 2685680
2682680, Cleo, 2684680, 2685680
2682680, Catriona, 2684680, 2685680
2682680, Leigh, 2684680, 2685680
2682680, Ddene, 2684680, 2685680
2682680, Sayre, 2684680, 2685680
2682680, Jody, 2684680, 2685680
2682680, Zabrina, 2684680, 2685680
2682680, Cos, 2684680, 2685680
2682680, Ron, 2684680, 2685680
2682680, Charin, 2684680, 2685680
2682680, Coleman, 2684680, 2685680
2682680, Jacinda, 2684680, 2685680
2682680, Silvan, 2684680, 2685680
2682680, Renie, 2684680, 2685680
2682680, Davide, 2684680, 2685680
2682680, Ernestus, 2684680, 2685680
2682680, Brnaba, 2684680, 2685680
2682680, Tabor, 2684680, 2685680
2682680, Lenci, 2684680, 2685680
2682680, Franchot, 2684680, 2685680
2682680, Charisse, 2684680, 2685680
2682680, Timothea, 2684680, 2685680
2682680, Angelika, 2684680, 2685680
2682680, Web, 2684680, 2685680
2682680, Urban, 2684680, 2685680
2682680, Fan, 2684680, 2685680
2682680, Donaugh, 2684680, 2685680
2682680, Wilona, 2684680, 2685680
2682680, Richard, 2684680, 2685680
2682680, Hilary, 2684680, 2685680
2682680, Ad, 2684680, 2685680
2682680, Maynord, 2684680, 2685680
2682680, Lina, 2684680, 2685680
2682680, Nerty, 2684680, 2685680
2682680, Matias, 2684680, 2685680
2682680, Urbano, 2684680, 2685680
2682680, Rosemarie, 2684680, 2685680
2682680, Booth, 2684680, 2685680
2682680, Eden, 2684680, 2685680
2682680, Cornie, 2684680, 2685680
2682680, Isak, 2684680, 2685680
2682680, Rand, 2684680, 2685680
2682680, Dominique, 2684680, 2685680
2682680, Lira, 2684680, 2685680
2682680, Filbert, 2684680, 2685680
2682680, Nona, 2684680, 2685680
2682680, Melloney, 2684680, 2685680
2682680, Rafaello, 2684680, 2685680
2682680, Floria, 2684680, 2685680
2682680, Johannes, 2684680, 2685680
2682680, Genevra, 2684680, 2685680
2682680, Aldric, 2684680, 2685680
2682680, Janeta, 2684680, 2685680
2682680, Tarra, 2684680, 2685680
2682680, Jefferey, 2684680, 2685680
2682680, Cassie, 2684680, 2685680
2682680, Maiga, 2684680, 2685680
2682680, Heddi, 2684680, 2685680
2682680, Marieann, 2684680, 2685680
2682680, Carita, 2684680, 2685680
2682680, Kurtis, 2684680, 2685680
2682680, Wilfred, 2684680, 2685680
2682680, Isabelle, 2684680, 2685680
2682680, Nisse, 2684680, 2685680
2682680, Ula, 2684680, 2685680
2682680, Tully, 2684680, 2685680
2682680, Honor, 2684680, 2685680
2682680, Sinclair, 2684680, 2685680
2682680, Buddy, 2684680, 2685680
2682680, Neilla, 2684680, 2685680
2682680, Junie, 2684680, 2685680
2682680, Neely, 2684680, 2685680
2682680, Klarrisa, 2684680, 2685680
2682680, Maryellen, 2684680, 2685680
2682680, Clywd, 2684680, 2685680
2682680, Deni, 2684680, 2685680
2682680, Ingrim, 2684680, 2685680
2682680, Franni, 2684680, 2685680
2682680, Andy, 2684680, 2685680
2682680, Veronica, 2684680, 2685680
2682680, Dalis, 2684680, 2685680
2682680, Nanni, 2684680, 2685680
2682680, Vikky, 2684680, 2685680
2682680, Hussein, 2684680, 2685680
2682680, Brigg, 2684680, 2685680
2682680, Crawford, 2684680, 2685680
2682680, Fran, 2684680, 2685680
2682680, Silas, 2684680, 2685680
2682680, Alister, 2684680, 2685680
2682680, George, 2684680, 2685680
2682680, Nonnah, 2684680, 2685680
2682680, Gayel, 2684680, 2685680
2682680, Demeter, 2684680, 2685680
2682680, Juliann, 2684680, 2685680
2682680, Shauna, 2684680, 2685680
2682680, Anna-maria, 2684680, 2685680
2682680, Ag, 2684680, 2685680
2682680, Sherwin, 2684680, 2685680
2682680, Vikki, 2684680, 2685680
2682680, Barret, 2684680, 2685680
2682680, Gaelan, 2684680, 2685680
2682680, Livy, 2684680, 2685680
2682680, Iorgos, 2684680, 2685680
2682680, Charil, 2684680, 2685680
2682680, Easter, 2684680, 2685680
2682680, Esdras, 2684680, 2685680
2682680, Prince, 2684680, 2685680
2682680, Vail, 2684680, 2685680
2682680, Rachel, 2684680, 2685680
2682680, Bar, 2684680, 2685680
2682680, Willa, 2684680, 2685680
2682680, Amerigo, 2684680, 2685680
2682680, Fredric, 2684680, 2685680
2682680, Mikael, 2684680, 2685680
2682680, Benson, 2684680, 2685680
2682680, Sileas, 2684680, 2685680
2682680, Fidelia, 2684680, 2685680
2682680, Frayda, 2684680, 2685680
2682680, Babita, 2684680, 2685680
2682680, Clair, 2684680, 2685680
2682680, Morie, 2684680, 2685680
2682680, Skylar, 2684680, 2685680
2682680, Dennie, 2684680, 2685680
2682680, Sibley, 2684680, 2685680
2682680, Addia, 2684680, 2685680
2682680, Ed, 2684680, 2685680
2682680, Lothaire, 2684680, 2685680
2682680, Neila, 2684680, 2685680
2682680, Jennifer, 2684680, 2685680
2682680, Keelby, 2684680, 2685680
2682680, Chuck, 2684680, 2685680
2682680, Jordan, 2684680, 2685680
2682680, Minnnie, 2684680, 2685680
2682680, Carine, 2684680, 2685680
2682680, Kelly, 2684680, 2685680
2682680, Coleman, 2684680, 2685680
2682680, Pincus, 2684680, 2685680
2682680, Smitty, 2684680, 2685680
2682680, Wade, 2684680, 2685680
2682680, Emmit, 2684680, 2685680
2682680, Brietta, 2684680, 2685680
2682680, Wesley, 2684680, 2685680
2682680, Felicdad, 2684680, 2685680
2682680, Any, 2684680, 2685680
2682680, Gardie, 2684680, 2685680
2682680, Leelah, 2684680, 2685680
2682680, Garold, 2684680, 2685680
2682680, Regine, 2684680, 2685680
2682680, Tam, 2684680, 2685680
2682680, Davon, 2684680, 2685680
2682680, Chrissy, 2684680, 2685680
2682680, Ozzie, 2684680, 2685680
2682680, Rina, 2684680, 2685680
2682680, Guy, 2684680, 2685680
2682680, Lenora, 2684680, 2685680
2682680, Julietta, 2684680, 2685680
2682680, Alexandr, 2684680, 2685680
2682680, Margalit, 2684680, 2685680
2682680, Samara, 2684680, 2685680
2682680, Portie, 2684680, 2685680
2682680, Korella, 2684680, 2685680
2682680, Hilly, 2684680, 2685680
2682680, Leeanne, 2684680, 2685680
2682680, Arnaldo, 2684680, 2685680
2682680, Kassi, 2684680, 2685680
2682680, Karen, 2684680, 2685680
2682680, Mac, 2684680, 2685680
2682680, Anthia, 2684680, 2685680
2682680, Marsiella, 2684680, 2685680
2682680, Shea, 2684680, 2685680
2682680, Liana, 2684680, 2685680
2682680, Carley, 2684680, 2685680
2682680, Carlye, 2684680, 2685680
2682680, Svend, 2684680, 2685680
2682680, Kendell, 2684680, 2685680
2682680, Chrisy, 2684680, 2685680
2682680, Rod, 2684680, 2685680
2682680, Ramsay, 2684680, 2685680
2682680, Saidee, 2684680, 2685680
2682680, Erek, 2684680, 2685680
2682680, Salomi, 2684680, 2685680
2682680, Coletta, 2684680, 2685680
2682680, Abigael, 2684680, 2685680
2682680, Mariele, 2684680, 2685680
2682680, Brooke, 2684680, 2685680
2682680, Benita, 2684680, 2685680
2682680, Marissa, 2684680, 2685680
2682680, Lionello, 2684680, 2685680
2682680, Tori, 2684680, 2685680
2682680, Micheil, 2684680, 2685680
2682680, Kym, 2684680, 2685680
2682680, Melisse, 2684680, 2685680
2682680, Bartholomew, 2684680, 2685680
2682680, Rorie, 2684680, 2685680
2682680, Hedvige, 2684680, 2685680
2682680, Dorothea, 2684680, 2685680
2682680, Tamarah, 2684680, 2685680
2682680, Skipton, 2684680, 2685680
2682680, Minny, 2684680, 2685680
2682680, Joshia, 2684680, 2685680
2682680, Mirilla, 2684680, 2685680
2682680, Willey, 2684680, 2685680
2682680, Conrado, 2684680, 2685680
2682680, Fredia, 2684680, 2685680
2682680, Gretchen, 2684680, 2685680
2682680, Bibbie, 2684680, 2685680
2682680, Warren, 2684680, 2685680
2682680, Gabi, 2684680, 2685680
2682680, Callie, 2684680, 2685680
2682680, Patton, 2684680, 2685680
2682680, Karie, 2684680, 2685680
2682680, Martguerita, 2684680, 2685680
2682680, Lothaire, 2684680, 2685680
2682680, Patrice, 2684680, 2685680
2682680, Lin, 2684680, 2685680
2682680, Cornie, 2684680, 2685680
2682680, Irena, 2684680, 2685680
2682680, Markos, 2684680, 2685680
2682680, Bird, 2684680, 2685680
2682680, Lorna, 2684680, 2685680
2682680, Vincents, 2684680, 2685680
2682680, Torrey, 2684680, 2685680
2682680, Pernell, 2684680, 2685680
2682680, Danya, 2684680, 2685680
2682680, Erda, 2684680, 2685680
2682680, Ethe, 2684680, 2685680
2682680, Coop, 2684680, 2685680
2682680, Sheridan, 2684680, 2685680
2682680, Charles, 2684680, 2685680
2682680, Eddy, 2684680, 2685680
2682680, Janey, 2684680, 2685680
2682680, Edan, 2684680, 2685680
2682680, Homer, 2684680, 2685680
2682680, Eveline, 2684680, 2685680
2682680, Helen-elizabeth, 2684680, 2685680
2682680, Daveta, 2684680, 2685680
2682680, Mort, 2684680, 2685680
2682680, Maxi, 2684680, 2685680
2682680, Nathalie, 2684680, 2685680
2682680, Dennison, 2684680, 2685680
2682680, Bunnie, 2684680, 2685680
2682680, Frans, 2684680, 2685680
2682680, Delmar, 2684680, 2685680
2682680, Ced, 2684680, 2685680
2682680, Caren, 2684680, 2685680
2682680, Christie, 2684680, 2685680
2682680, Saunders, 2684680, 2685680
2682680, Deny, 2684680, 2685680
2682680, Gene, 2684680, 2685680
2682680, Margeaux, 2684680, 2685680
2682680, Prisca, 2684680, 2685680
2682680, Domini, 2684680, 2685680
2682680, Henrie, 2684680, 2685680
2682680, Marj, 2684680, 2685680
2682680, Mab, 2684680, 2685680
2682680, Josiah, 2684680, 2685680
2682680, Mathe, 2684680, 2685680
2682680, Gauthier, 2684680, 2685680
2682680, Delmore, 2684680, 2685680
2682680, Lynett, 2684680, 2685680
2682680, Lucais, 2684680, 2685680
2682680, Clarice, 2684680, 2685680
2682680, Aeriela, 2684680, 2685680
2682680, Babbie, 2684680, 2685680
2682680, Caren, 2684680, 2685680
2682680, Jessamine, 2684680, 2685680
2682680, Hesther, 2684680, 2685680
2682680, Sasha, 2684680, 2685680
2682680, Erica, 2684680, 2685680
2682680, Keith, 2684680, 2685680
2682680, Briney, 2684680, 2685680
2682680, Rutherford, 2684680, 2685680
2682680, Lemmie, 2684680, 2685680
2682680, Dur, 2684680, 2685680
2682680, Modesta, 2684680, 2685680
2682680, Carter, 2684680, 2685680
2682680, Retha, 2684680, 2685680
2682680, Carma, 2684680, 2685680
2682680, Antonella, 2684680, 2685680
2682680, Sutherlan, 2684680, 2685680
2682680, Phillipe, 2684680, 2685680
2682680, Florida, 2684680, 2685680
2682680, Corrina, 2684680, 2685680
2682680, Adrianne, 2684680, 2685680
2682680, Scarlett, 2684680, 2685680
2682680, Shel, 2684680, 2685680
2682680, Delaney, 2684680, 2685680
2682680, Tiphani, 2684680, 2685680
2682680, Grier, 2684680, 2685680
2682680, Annabell, 2684680, 2685680
2682680, Basil, 2684680, 2685680
2682680, Horatius, 2684680, 2685680
2682680, Umeko, 2684680, 2685680
2682680, Hayes, 2684680, 2685680
2682680, Lynnette, 2684680, 2685680
2682680, Hesther, 2684680, 2685680
2682680, Trumaine, 2684680, 2685680
2682680, Emlyn, 2684680, 2685680
2682680, Corabelle, 2684680, 2685680
2682680, Vic, 2684680, 2685680
2682680, Cyndia, 2684680, 2685680
2682680, Gray, 2684680, 2685680
2682680, Dylan, 2684680, 2685680
2682680, Isabelle, 2684680, 2685680
2682680, Eachelle, 2684680, 2685680
2682680, Howard, 2684680, 2685680
2682680, Cornall, 2684680, 2685680
2682680, Emmalee, 2684680, 2685680
2682680, Brian, 2684680, 2685680
2682680, Cahra, 2684680, 2685680
2682680, Arvin, 2684680, 2685680
2682680, Minda, 2684680, 2685680
2682680, Dedie, 2684680, 2685680
2682680, Lydia, 2684680, 2685680
2682680, Joshia, 2684680, 2685680
2682680, Bernita, 2684680, 2685680
2682680, Sayre, 2684680, 2685680
2682680, Pearla, 2684680, 2685680
2682680, Fidole, 2684680, 2685680
2682680, Evin, 2684680, 2685680
2682680, Fredia, 2684680, 2685680
2682680, Idalina, 2684680, 2685680
2682680, Hetti, 2684680, 2685680
2682680, Kirk, 2684680, 2685680
2682680, Orson, 2684680, 2685680
2682680, Lyndsay, 2684680, 2685680
2682680, Lissy, 2684680, 2685680
2682680, Odessa, 2684680, 2685680
2682680, Hestia, 2684680, 2685680
2682680, Dorotea, 2684680, 2685680
2682680, Giraud, 2684680, 2685680
2682680, Tonya, 2684680, 2685680
2682680, Menard, 2684680, 2685680
2682680, Nicola, 2684680, 2685680
2682680, Maddy, 2684680, 2685680
2682680, Mace, 2684680, 2685680
2682680, Lyndy, 2684680, 2685680
2682680, Ivonne, 2684680, 2685680
2682680, Josepha, 2684680, 2685680
2682680, Shandra, 2684680, 2685680
2682680, Viva, 2684680, 2685680
2682680, Sherwin, 2684680, 2685680
2682680, Abigail, 2684680, 2685680
2682680, Rosalia, 2684680, 2685680
2682680, Merissa, 2684680, 2685680
2682680, Marylee, 2684680, 2685680
2682680, Wolfy, 2684680, 2685680
2682680, Maia, 2684680, 2685680
2682680, Elinor, 2684680, 2685680
2682680, Neron, 2684680, 2685680
2682680, Malachi, 2684680, 2685680
2682680, Sarajane, 2684680, 2685680
2682680, Arlie, 2684680, 2685680
2682680, Felike, 2684680, 2685680
2682680, Ethan, 2684680, 2685680
2682680, Ruthy, 2684680, 2685680
2682680, Hugo, 2684680, 2685680
2682680, Thorndike, 2684680, 2685680
2682680, Cesaro, 2684680, 2685680
2682680, Harmonia, 2684680, 2685680
2682680, Damara, 2684680, 2685680
2682680, Maddy, 2684680, 2685680
2682680, Filmer, 2684680, 2685680
2682680, Boothe, 2684680, 2685680
2682680, Dorrie, 2684680, 2685680
2682680, Willdon, 2684680, 2685680
2682680, Cindi, 2684680, 2685680
2682680, Shermie, 2684680, 2685680
2682680, Byrom, 2684680, 2685680
2682680, Millie, 2684680, 2685680
2682680, Natassia, 2684680, 2685680
2682680, Wheeler, 2684680, 2685680
2682680, Caritta, 2684680, 2685680
2682680, Kennan, 2684680, 2685680
2682680, Katina, 2684680, 2685680
2682680, Beverlee, 2684680, 2685680
2682680, Arlette, 2684680, 2685680
2682680, Jacqueline, 2684680, 2685680
2682680, Sheila-kathryn, 2684680, 2685680
2682680, Lambert, 2684680, 2685680
2682680, Lamont, 2684680, 2685680
2682680, Immanuel, 2684680, 2685680
2682680, Nani, 2684680, 2685680
2682680, Galen, 2684680, 2685680
2682680, Nilson, 2684680, 2685680
2682680, Tomi, 2684680, 2685680
2682680, Flore, 2684680, 2685680
2682680, Burgess, 2684680, 2685680
2682680, Tally, 2684680, 2685680
2682680, Jaquenette, 2684680, 2685680
2682680, Sly, 2684680, 2685680
2682680, Yul, 2684680, 2685680
2682680, Rosalyn, 2684680, 2685680
2682680, Devondra, 2684680, 2685680
2682680, Xenos, 2684680, 2685680
2682680, Terrence, 2684680, 2685680
2682680, Krystyna, 2684680, 2685680
2682680, Krishna, 2684680, 2685680
2682680, Zorina, 2684680, 2685680
2682680, Baxy, 2684680, 2685680
2682680, Terrie, 2684680, 2685680
2682680, Justino, 2684680, 2685680
2682680, Erhard, 2684680, 2685680
2682680, Robbie, 2684680, 2685680
2682680, Paddie, 2684680, 2685680
2682680, Evelyn, 2684680, 2685680
2682680, Abbot, 2684680, 2685680
2682680, Tedra, 2684680, 2685680
2682680, Rikki, 2684680, 2685680
2682680, Alverta, 2684680, 2685680
2682680, Pauly, 2684680, 2685680
2682680, Ariella, 2684680, 2685680
2682680, Lia, 2684680, 2685680
2682680, Petronille, 2684680, 2685680
2682680, Merle, 2684680, 2685680
2682680, Hagan, 2684680, 2685680
2682680, Nikolaus, 2684680, 2685680
2682680, Cinda, 2684680, 2685680
2682680, Matelda, 2684680, 2685680
2682680, Roslyn, 2684680, 2685680
2682680, Jerrylee, 2684680, 2685680
2682680, Lucky, 2684680, 2685680
2682680, Elita, 2684680, 2685680
2682680, Hyacinthia, 2684680, 2685680
2682680, Fina, 2684680, 2685680
2682680, Kamila, 2684680, 2685680
2682680, Jennie, 2684680, 2685680
2682680, Riobard, 2684680, 2685680
2682680, Joannes, 2684680, 2685680
2682680, Darlene, 2684680, 2685680
2682680, Zia, 2684680, 2685680
2682680, Cristina, 2684680, 2685680
2682680, Jonathon, 2684680, 2685680
2682680, Rickie, 2684680, 2685680
2682680, Klara, 2684680, 2685680
2682680, Osbert, 2684680, 2685680
2682680, Emmet, 2684680, 2685680
2682680, Cassandry, 2684680, 2685680
2682680, Enrica, 2684680, 2685680
2682680, Evvy, 2684680, 2685680
2682680, Silas, 2684680, 2685680
2682680, Kaia, 2684680, 2685680
2682680, Arvie, 2684680, 2685680
2682680, Keith, 2684680, 2685680
2682680, Silvie, 2684680, 2685680
2682680, Winnifred, 2684680, 2685680
2682680, Chen, 2684680, 2685680
2682680, Carleton, 2684680, 2685680
2682680, Silvano, 2684680, 2685680
2682680, Pancho, 2684680, 2685680
2682680, Melonie, 2684680, 2685680
2682680, Gordon, 2684680, 2685680
2682680, Rosemarie, 2684680, 2685680
2682680, Graehme, 2684680, 2685680
2682680, Mitchael, 2684680, 2685680
2682680, Carola, 2684680, 2685680
2682680, Zsa zsa, 2684680, 2685680
2682680, Jude, 2684680, 2685680
2682680, Arch, 2684680, 2685680
2682680, Andrej, 2684680, 2685680
2682680, Amber, 2684680, 2685680
2682680, Dorian, 2684680, 2685680
2682680, Kaitlynn, 2684680, 2685680
2682680, Kerianne, 2684680, 2685680
2682680, Boycie, 2684680, 2685680
2682680, Nanete, 2684680, 2685680
2682680, Sidonia, 2684680, 2685680
2682680, Galvan, 2684680, 2685680
2682680, Lucienne, 2684680, 2685680
2682680, Davidson, 2684680, 2685680
2682680, Roslyn, 2684680, 2685680
2682680, Jenny, 2684680, 2685680
2682680, Toby, 2684680, 2685680
2682680, Brynne, 2684680, 2685680
2682680, Blakeley, 2684680, 2685680
2682680, Egan, 2684680, 2685680
2682680, Barbey, 2684680, 2685680
2682680, Portia, 2684680, 2685680
2682680, Alica, 2684680, 2685680
2682680, Juliana, 2684680, 2685680
2682680, Barde, 2684680, 2685680
2682680, Wilie, 2684680, 2685680
2682680, Letta, 2684680, 2685680
2682680, Ree, 2684680, 2685680
2682680, Ingmar, 2684680, 2685680
2682680, Melva, 2684680, 2685680
2682680, Tootsie, 2684680, 2685680
2682680, Felike, 2684680, 2685680
2682680, Laughton, 2684680, 2685680
2682680, Crosby, 2684680, 2685680
2682680, Marianne, 2684680, 2685680
2682680, Francine, 2684680, 2685680
2682680, Edan, 2684680, 2685680
2682680, Fayre, 2684680, 2685680
2682680, Adelaida, 2684680, 2685680
2682680, Florella, 2684680, 2685680
2682680, Noll, 2684680, 2685680
2682680, Ki, 2684680, 2685680
2682680, Jermayne, 2684680, 2685680
2682680, Grayce, 2684680, 2685680
2682680, Harv, 2684680, 2685680
2682680, Lorianna, 2684680, 2685680
2682680, Hersh, 2684680, 2685680
2682680, Diahann, 2684680, 2685680
2682680, Yelena, 2684680, 2685680
2682680, Emmaline, 2684680, 2685680
2682680, Daffi, 2684680, 2685680
2682680, Janine, 2684680, 2685680
2682680, Sheilah, 2684680, 2685680
2682680, Lazaro, 2684680, 2685680
2682680, Earle, 2684680, 2685680
2682680, Fred, 2684680, 2685680
2682680, Almira, 2684680, 2685680
2682680, Wini, 2684680, 2685680
2682680, Emanuel, 2684680, 2685680
2682680, Obadias, 2684680, 2685680
2682680, Efrem, 2684680, 2685680
2682680, Susi, 2684680, 2685680
2682680, Maxy, 2684680, 2685680
2682680, Agnes, 2684680, 2685680
2682680, Obadiah, 2684680, 2685680
2682680, Lefty, 2684680, 2685680
2682680, Michele, 2684680, 2685680
2682680, Cynthia, 2684680, 2685680
2682680, Hyatt, 2684680, 2685680
2682680, Roch, 2684680, 2685680
2682680, Mag, 2684680, 2685680
2682680, Trevor, 2684680, 2685680
2682680, Jefferey, 2684680, 2685680
2682680, Tania, 2684680, 2685680
2682680, Mercie, 2684680, 2685680
2682680, Andrei, 2684680, 2685680
2682680, Yetta, 2684680, 2685680
2682680, Angeli, 2684680, 2685680
2682680, Norbert, 2684680, 2685680
2682680, Conan, 2684680, 2685680
2682680, Cale, 2684680, 2685680
2682680, Christina, 2684680, 2685680
2682680, Olivier, 2684680, 2685680
2682680, Oby, 2684680, 2685680
2682680, Chad, 2684680, 2685680
2682680, Adelle, 2684680, 2685680
2682680, Keene, 2684680, 2685680
2682680, Corrina, 2684680, 2685680
2682680, Hashim, 2684680, 2685680
2682680, Oralia, 2684680, 2685680
2682680, Wadsworth, 2684680, 2685680
2682680, Shelley, 2684680, 2685680
2682680, Irv, 2684680, 2685680
2682680, Grant, 2684680, 2685680
2682680, Bella, 2684680, 2685680
2682680, Yardley, 2684680, 2685680
2682680, Brendin, 2684680, 2685680
2682680, Estella, 2684680, 2685680
2682680, Rasia, 2684680, 2685680
2682680, Gibb, 2684680, 2685680
2682680, Amanda, 2684680, 2685680
2682680, Sidoney, 2684680, 2685680
2682680, Giacopo, 2684680, 2685680
2682680, Eve, 2684680, 2685680
2682680, Levon, 2684680, 2685680
2682680, Vassili, 2684680, 2685680
2682680, Henrieta, 2684680, 2685680
2682680, Devlen, 2684680, 2685680
2682680, Ophelie, 2684680, 2685680
2682680, Abramo, 2684680, 2685680
2682680, Fair, 2684680, 2685680
2682680, Pietrek, 2684680, 2685680
2682680, Holden, 2684680, 2685680
2682680, Cherish, 2684680, 2685680
2682680, Alonzo, 2684680, 2685680
2682680, Devonna, 2684680, 2685680
2682680, Rubi, 2684680, 2685680
2682680, Emmanuel, 2684680, 2685680
2682680, Trumaine, 2684680, 2685680
2682680, Malory, 2684680, 2685680
2682680, Pearla, 2684680, 2685680
2682680, Phelia, 2684680, 2685680
2682680, Madonna, 2684680, 2685680
2682680, Thomasa, 2684680, 2685680
2682680, Estella, 2684680, 2685680
2682680, Saw, 2684680, 2685680
2682680, Cecil, 2684680, 2685680
2682680, Mac, 2684680, 2685680
2682680, Ralf, 2684680, 2685680
2682680, Barbey, 2684680, 2685680
2682680, Josi, 2684680, 2685680
2682680, Kenna, 2684680, 2685680
2682680, Rina, 2684680, 2685680
2682680, Callida, 2684680, 2685680
2682680, Lona, 2684680, 2685680
2682680, Jan, 2684680, 2685680
2682680, Bailey, 2684680, 2685680
2682680, Guillermo, 2684680, 2685680
2682680, Katlin, 2684680, 2685680
2682680, Flo, 2684680, 2685680
2682680, Madel, 2684680, 2685680
2682680, Conant, 2684680, 2685680
2682680, Devland, 2684680, 2685680
2682680, Annamarie, 2684680, 2685680
2682680, Gabbie, 2684680, 2685680
2682680, Frasquito, 2684680, 2685680
2682680, Oberon, 2684680, 2685680
2682680, Gabriell, 2684680, 2685680
2682680, Ki, 2684680, 2685680
2682680, Martelle, 2684680, 2685680
2682680, Riccardo, 2684680, 2685680
2682680, Shaughn, 2684680, 2685680
2682680, Coral, 2684680, 2685680
2682680, Judas, 2684680, 2685680
2682680, Josiah, 2684680, 2685680
2682680, Freda, 2684680, 2685680
2682680, Lynn, 2684680, 2685680
2682680, Tabb, 2684680, 2685680
2682680, Brittany, 2684680, 2685680
2682680, Leo, 2684680, 2685680
2682680, Atlante, 2684680, 2685680
2682680, Maurie, 2684680, 2685680
2682680, Oren, 2684680, 2685680
2682680, Anetta, 2684680, 2685680
2682680, Curry, 2684680, 2685680
2682680, Tyrone, 2684680, 2685680
2682680, Saunder, 2684680, 2685680
2682680, Luis, 2684680, 2685680
2682680, Alysia, 2684680, 2685680
2682680, Calypso, 2684680, 2685680
2682680, Gretna, 2684680, 2685680
2682680, Odie, 2684680, 2685680
2682680, Wenda, 2684680, 2685680
2682680, Ezekiel, 2684680, 2685680
2682680, Orlan, 2684680, 2685680
2682680, Wittie, 2684680, 2685680
2682680, Abbie, 2684680, 2685680
2682680, Robinia, 2684680, 2685680
2682680, Hayden, 2684680, 2685680
2682680, Melody, 2684680, 2685680
2682680, Emory, 2684680, 2685680
2682680, Callie, 2684680, 2685680
2682680, Debby, 2684680, 2685680
2682680, Gui, 2684680, 2685680
2682680, Dorette, 2684680, 2685680
2682680, Jillane, 2684680, 2685680
2682680, Carolina, 2684680, 2685680
2682680, Randy, 2684680, 2685680
2682680, Arabel, 2684680, 2685680
2682680, Verina, 2684680, 2685680
2682680, Josefina, 2684680, 2685680
2682680, Nina, 2684680, 2685680
2682680, Vernen, 2684680, 2685680
2682680, Loria, 2684680, 2685680
2682680, Isabeau, 2684680, 2685680
2682680, Cherice, 2684680, 2685680
2682680, Kimberley, 2684680, 2685680
2682680, Martyn, 2684680, 2685680
2682680, Agustin, 2684680, 2685680
2682680, Clerissa, 2684680, 2685680
2682680, Lonna, 2684680, 2685680
2682680, Wake, 2684680, 2685680
2682680, Edwina, 2684680, 2685680
2682680, Lacey, 2684680, 2685680
2682680, Laetitia, 2684680, 2685680
2682680, Delila, 2684680, 2685680
2682680, Sioux, 2684680, 2685680
2682680, Floyd, 2684680, 2685680
2682680, Trista, 2684680, 2685680
2682680, Shaughn, 2684680, 2685680
2682680, Zitella, 2684680, 2685680
2682680, Ginnie, 2684680, 2685680
2682680, Burty, 2684680, 2685680
2682680, Arley, 2684680, 2685680
2682680, Ansley, 2684680, 2685680
2682680, Kirstin, 2684680, 2685680
2682680, Karon, 2684680, 2685680
2682680, Esme, 2684680, 2685680
2682680, Berenice, 2684680, 2685680
2682680, Charlie, 2684680, 2685680
2682680, Noach, 2684680, 2685680
2682680, Mercedes, 2684680, 2685680
2682680, Sloan, 2684680, 2685680
2682680, Guglielma, 2684680, 2685680
2682680, Herrick, 2684680, 2685680
2682680, Aleksandr, 2684680, 2685680
2682680, Arlina, 2684680, 2685680
2682680, Wenonah, 2684680, 2685680
2682680, Warner, 2684680, 2685680
2682680, Libbey, 2684680, 2685680
2682680, Brana, 2684680, 2685680
2682680, Genevieve, 2684680, 2685680
2682680, Sharai, 2684680, 2685680
2682680, Josi, 2684680, 2685680
2682680, Pebrook, 2684680, 2685680
2682680, Erna, 2684680, 2685680
2682680, Ferd, 2684680, 2685680
2682680, Mohammed, 2684680, 2685680
2682680, Dawn, 2684680, 2685680
2682680, Wandie, 2684680, 2685680
2682680, Chiarra, 2684680, 2685680
2682680, Zaccaria, 2684680, 2685680
2682680, Trenna, 2684680, 2685680
2682680, Angelia, 2684680, 2685680
2682680, Raquela, 2684680, 2685680
2682680, Maxi, 2684680, 2685680
2682680, Atalanta, 2684680, 2685680
2682680, De witt, 2684680, 2685680
2682680, Jaye, 2684680, 2685680
2682680, Tamarra, 2684680, 2685680
2682680, Saleem, 2684680, 2685680
